text,intent
Hi,greeting
Hello,greeting
Hey,greeting
Good morning,greeting
Good evening,greeting
How are you?,greeting
Hey there,greeting
Hi,greeting
Hello,greeting
Hey,greeting
Good morning,greeting
Good evening,greeting
How are you?,greeting
Hey there,greeting
Hi,greeting
Hello,greeting
Hey,greeting
Good morning,greeting
Good evening,greeting
How are you?,greeting
Hey there,greeting
Hi,greeting
Hello,greeting
Hey,greeting
Good morning,greeting
Good evening,greeting
How are you?,greeting
Hey there,greeting
Hi,greeting
Hello,greeting
Hey,greeting
Good morning,greeting
Good evening,greeting
How are you?,greeting
Hey there,greeting
Hi,greeting
Hello,greeting
Hey,greeting
Good morning,greeting
Good evening,greeting
How are you?,greeting
Hey there,greeting
Hi,greeting
Hello,greeting
Hey,greeting
Good morning,greeting
Good evening,greeting
How are you?,greeting
Hey there,greeting
Hi,greeting
Hello,greeting
Hey,greeting
Good morning,greeting
Good evening,greeting
How are you?,greeting
Hey there,greeting
Hi,greeting
Hello,greeting
Hey,greeting
Good morning,greeting
Good evening,greeting
How are you?,greeting
Hey there,greeting
Hi,greeting
Hello,greeting
Hey,greeting
Good morning,greeting
Good evening,greeting
How are you?,greeting
Hey there,greeting
Hi,greeting
Hello,greeting
Hey,greeting
Good morning,greeting
Good evening,greeting
How are you?,greeting
Hey there,greeting
Hi,greeting
Hello,greeting
Hey,greeting
Good morning,greeting
Good evening,greeting
How are you?,greeting
Hey there,greeting
Hi,greeting
Hello,greeting
Hey,greeting
Good morning,greeting
Good evening,greeting
How are you?,greeting
Hey there,greeting
Hi,greeting
Hello,greeting
Hey,greeting
Good morning,greeting
Good evening,greeting
How are you?,greeting
Hey there,greeting
Hi,greeting
Hello,greeting
Hey,greeting
Good morning,greeting
Good evening,greeting
How are you?,greeting
Hey there,greeting
Hi,greeting
Hello,greeting
Hey,greeting
Good morning,greeting
Good evening,greeting
How are you?,greeting
Hey there,greeting
Hi,greeting
Hello,greeting
Hey,greeting
Good morning,greeting
Good evening,greeting
How are you?,greeting
Hey there,greeting
Hi,greeting
Hello,greeting
Hey,greeting
Good morning,greeting
Good evening,greeting
How are you?,greeting
Hey there,greeting
Hi,greeting
Hello,greeting
Hey,greeting
Good morning,greeting
Good evening,greeting
How are you?,greeting
Hey there,greeting
Hi,greeting
Hello,greeting
Hey,greeting
Good morning,greeting
Good evening,greeting
How are you?,greeting
Hey there,greeting
Bye,goodbye
Goodbye,goodbye
See you later,goodbye
Take care,goodbye
Talk to you soon,goodbye
See you soon,goodbye
Bye for now,goodbye
Bye,goodbye
Goodbye,goodbye
See you later,goodbye
Take care,goodbye
Talk to you soon,goodbye
See you soon,goodbye
Bye for now,goodbye
Bye,goodbye
Goodbye,goodbye
See you later,goodbye
Take care,goodbye
Talk to you soon,goodbye
See you soon,goodbye
Bye for now,goodbye
Bye,goodbye
Goodbye,goodbye
See you later,goodbye
Take care,goodbye
Talk to you soon,goodbye
See you soon,goodbye
Bye for now,goodbye
Bye,goodbye
Goodbye,goodbye
See you later,goodbye
Take care,goodbye
Talk to you soon,goodbye
See you soon,goodbye
Bye for now,goodbye
Bye,goodbye
Goodbye,goodbye
See you later,goodbye
Take care,goodbye
Talk to you soon,goodbye
See you soon,goodbye
Bye for now,goodbye
Bye,goodbye
Goodbye,goodbye
See you later,goodbye
Take care,goodbye
Talk to you soon,goodbye
See you soon,goodbye
Bye for now,goodbye
Bye,goodbye
Goodbye,goodbye
See you later,goodbye
Take care,goodbye
Talk to you soon,goodbye
See you soon,goodbye
Bye for now,goodbye
Bye,goodbye
Goodbye,goodbye
See you later,goodbye
Take care,goodbye
Talk to you soon,goodbye
See you soon,goodbye
Bye for now,goodbye
Bye,goodbye
Goodbye,goodbye
See you later,goodbye
Take care,goodbye
Talk to you soon,goodbye
See you soon,goodbye
Bye for now,goodbye
Bye,goodbye
Goodbye,goodbye
See you later,goodbye
Take care,goodbye
Talk to you soon,goodbye
See you soon,goodbye
Bye for now,goodbye
Bye,goodbye
Goodbye,goodbye
See you later,goodbye
Take care,goodbye
Talk to you soon,goodbye
See you soon,goodbye
Bye for now,goodbye
Bye,goodbye
Goodbye,goodbye
See you later,goodbye
Take care,goodbye
Talk to you soon,goodbye
See you soon,goodbye
Bye for now,goodbye
Bye,goodbye
Goodbye,goodbye
See you later,goodbye
Take care,goodbye
Talk to you soon,goodbye
See you soon,goodbye
Bye for now,goodbye
Bye,goodbye
Goodbye,goodbye
See you later,goodbye
Take care,goodbye
Talk to you soon,goodbye
See you soon,goodbye
Bye for now,goodbye
Bye,goodbye
Goodbye,goodbye
See you later,goodbye
Take care,goodbye
Talk to you soon,goodbye
See you soon,goodbye
Bye for now,goodbye
Bye,goodbye
Goodbye,goodbye
See you later,goodbye
Take care,goodbye
Talk to you soon,goodbye
See you soon,goodbye
Bye for now,goodbye
Bye,goodbye
Goodbye,goodbye
See you later,goodbye
Take care,goodbye
Talk to you soon,goodbye
See you soon,goodbye
Bye for now,goodbye
Bye,goodbye
Goodbye,goodbye
See you later,goodbye
Take care,goodbye
Talk to you soon,goodbye
See you soon,goodbye
Bye for now,goodbye
Bye,goodbye
Goodbye,goodbye
See you later,goodbye
Take care,goodbye
Talk to you soon,goodbye
See you soon,goodbye
Bye for now,goodbye
Thanks,thanks
Thank you so much,thanks
I appreciate it,thanks
Thanks a lot,thanks
Many thanks,thanks
Thank you for your advice,thanks
Thanks,thanks
Thank you so much,thanks
I appreciate it,thanks
Thanks a lot,thanks
Many thanks,thanks
Thank you for your advice,thanks
Thanks,thanks
Thank you so much,thanks
I appreciate it,thanks
Thanks a lot,thanks
Many thanks,thanks
Thank you for your advice,thanks
Thanks,thanks
Thank you so much,thanks
I appreciate it,thanks
Thanks a lot,thanks
Many thanks,thanks
Thank you for your advice,thanks
Thanks,thanks
Thank you so much,thanks
I appreciate it,thanks
Thanks a lot,thanks
Many thanks,thanks
Thank you for your advice,thanks
Thanks,thanks
Thank you so much,thanks
I appreciate it,thanks
Thanks a lot,thanks
Many thanks,thanks
Thank you for your advice,thanks
Thanks,thanks
Thank you so much,thanks
I appreciate it,thanks
Thanks a lot,thanks
Many thanks,thanks
Thank you for your advice,thanks
Thanks,thanks
Thank you so much,thanks
I appreciate it,thanks
Thanks a lot,thanks
Many thanks,thanks
Thank you for your advice,thanks
Thanks,thanks
Thank you so much,thanks
I appreciate it,thanks
Thanks a lot,thanks
Many thanks,thanks
Thank you for your advice,thanks
Thanks,thanks
Thank you so much,thanks
I appreciate it,thanks
Thanks a lot,thanks
Many thanks,thanks
Thank you for your advice,thanks
Thanks,thanks
Thank you so much,thanks
I appreciate it,thanks
Thanks a lot,thanks
Many thanks,thanks
Thank you for your advice,thanks
Thanks,thanks
Thank you so much,thanks
I appreciate it,thanks
Thanks a lot,thanks
Many thanks,thanks
Thank you for your advice,thanks
Thanks,thanks
Thank you so much,thanks
I appreciate it,thanks
Thanks a lot,thanks
Many thanks,thanks
Thank you for your advice,thanks
Thanks,thanks
Thank you so much,thanks
I appreciate it,thanks
Thanks a lot,thanks
Many thanks,thanks
Thank you for your advice,thanks
Thanks,thanks
Thank you so much,thanks
I appreciate it,thanks
Thanks a lot,thanks
Many thanks,thanks
Thank you for your advice,thanks
Thanks,thanks
Thank you so much,thanks
I appreciate it,thanks
Thanks a lot,thanks
Many thanks,thanks
Thank you for your advice,thanks
Thanks,thanks
Thank you so much,thanks
I appreciate it,thanks
Thanks a lot,thanks
Many thanks,thanks
Thank you for your advice,thanks
Thanks,thanks
Thank you so much,thanks
I appreciate it,thanks
Thanks a lot,thanks
Many thanks,thanks
Thank you for your advice,thanks
Thanks,thanks
Thank you so much,thanks
I appreciate it,thanks
Thanks a lot,thanks
Many thanks,thanks
Thank you for your advice,thanks
Thanks,thanks
Thank you so much,thanks
I appreciate it,thanks
Thanks a lot,thanks
Many thanks,thanks
Thank you for your advice,thanks
Tell me a joke,chitchat
What's the weather today?,chitchat
Who made you?,chitchat
What can you do?,chitchat
Do you like music?,chitchat
Can you motivate me?,chitchat
Tell me something positive,chitchat
Tell me a joke,chitchat
What's the weather today?,chitchat
Who made you?,chitchat
What can you do?,chitchat
Do you like music?,chitchat
Can you motivate me?,chitchat
Tell me something positive,chitchat
Tell me a joke,chitchat
What's the weather today?,chitchat
Who made you?,chitchat
What can you do?,chitchat
Do you like music?,chitchat
Can you motivate me?,chitchat
Tell me something positive,chitchat
Tell me a joke,chitchat
What's the weather today?,chitchat
Who made you?,chitchat
What can you do?,chitchat
Do you like music?,chitchat
Can you motivate me?,chitchat
Tell me something positive,chitchat
Tell me a joke,chitchat
What's the weather today?,chitchat
Who made you?,chitchat
What can you do?,chitchat
Do you like music?,chitchat
Can you motivate me?,chitchat
Tell me something positive,chitchat
Tell me a joke,chitchat
What's the weather today?,chitchat
Who made you?,chitchat
What can you do?,chitchat
Do you like music?,chitchat
Can you motivate me?,chitchat
Tell me something positive,chitchat
Tell me a joke,chitchat
What's the weather today?,chitchat
Who made you?,chitchat
What can you do?,chitchat
Do you like music?,chitchat
Can you motivate me?,chitchat
Tell me something positive,chitchat
Tell me a joke,chitchat
What's the weather today?,chitchat
Who made you?,chitchat
What can you do?,chitchat
Do you like music?,chitchat
Can you motivate me?,chitchat
Tell me something positive,chitchat
Tell me a joke,chitchat
What's the weather today?,chitchat
Who made you?,chitchat
What can you do?,chitchat
Do you like music?,chitchat
Can you motivate me?,chitchat
Tell me something positive,chitchat
Tell me a joke,chitchat
What's the weather today?,chitchat
Who made you?,chitchat
What can you do?,chitchat
Do you like music?,chitchat
Can you motivate me?,chitchat
Tell me something positive,chitchat
Tell me a joke,chitchat
What's the weather today?,chitchat
Who made you?,chitchat
What can you do?,chitchat
Do you like music?,chitchat
Can you motivate me?,chitchat
Tell me something positive,chitchat
Tell me a joke,chitchat
What's the weather today?,chitchat
Who made you?,chitchat
What can you do?,chitchat
Do you like music?,chitchat
Can you motivate me?,chitchat
Tell me something positive,chitchat
Tell me a joke,chitchat
What's the weather today?,chitchat
Who made you?,chitchat
What can you do?,chitchat
Do you like music?,chitchat
Can you motivate me?,chitchat
Tell me something positive,chitchat
Tell me a joke,chitchat
What's the weather today?,chitchat
Who made you?,chitchat
What can you do?,chitchat
Do you like music?,chitchat
Can you motivate me?,chitchat
Tell me something positive,chitchat
Tell me a joke,chitchat
What's the weather today?,chitchat
Who made you?,chitchat
What can you do?,chitchat
Do you like music?,chitchat
Can you motivate me?,chitchat
Tell me something positive,chitchat
Tell me a joke,chitchat
What's the weather today?,chitchat
Who made you?,chitchat
What can you do?,chitchat
Do you like music?,chitchat
Can you motivate me?,chitchat
Tell me something positive,chitchat
Tell me a joke,chitchat
What's the weather today?,chitchat
Who made you?,chitchat
What can you do?,chitchat
Do you like music?,chitchat
Can you motivate me?,chitchat
Tell me something positive,chitchat
Tell me a joke,chitchat
What's the weather today?,chitchat
Who made you?,chitchat
What can you do?,chitchat
Do you like music?,chitchat
Can you motivate me?,chitchat
Tell me something positive,chitchat
Tell me a joke,chitchat
What's the weather today?,chitchat
Who made you?,chitchat
What can you do?,chitchat
Do you like music?,chitchat
Can you motivate me?,chitchat
Tell me something positive,chitchat
Tell me a joke,chitchat
What's the weather today?,chitchat
Who made you?,chitchat
What can you do?,chitchat
Do you like music?,chitchat
Can you motivate me?,chitchat
Tell me something positive,chitchat
How’s my mood?,mood_check
Am I stressed?,mood_check
Do you think I’m fine?,mood_check
Can you analyze my mood?,mood_check
Do I seem okay?,mood_check
How’s my mood?,mood_check
Am I stressed?,mood_check
Do you think I’m fine?,mood_check
Can you analyze my mood?,mood_check
Do I seem okay?,mood_check
How’s my mood?,mood_check
Am I stressed?,mood_check
Do you think I’m fine?,mood_check
Can you analyze my mood?,mood_check
Do I seem okay?,mood_check
How’s my mood?,mood_check
Am I stressed?,mood_check
Do you think I’m fine?,mood_check
Can you analyze my mood?,mood_check
Do I seem okay?,mood_check
How’s my mood?,mood_check
Am I stressed?,mood_check
Do you think I’m fine?,mood_check
Can you analyze my mood?,mood_check
Do I seem okay?,mood_check
How’s my mood?,mood_check
Am I stressed?,mood_check
Do you think I’m fine?,mood_check
Can you analyze my mood?,mood_check
Do I seem okay?,mood_check
How’s my mood?,mood_check
Am I stressed?,mood_check
Do you think I’m fine?,mood_check
Can you analyze my mood?,mood_check
Do I seem okay?,mood_check
How’s my mood?,mood_check
Am I stressed?,mood_check
Do you think I’m fine?,mood_check
Can you analyze my mood?,mood_check
Do I seem okay?,mood_check
How’s my mood?,mood_check
Am I stressed?,mood_check
Do you think I’m fine?,mood_check
Can you analyze my mood?,mood_check
Do I seem okay?,mood_check
How’s my mood?,mood_check
Am I stressed?,mood_check
Do you think I’m fine?,mood_check
Can you analyze my mood?,mood_check
Do I seem okay?,mood_check
How’s my mood?,mood_check
Am I stressed?,mood_check
Do you think I’m fine?,mood_check
Can you analyze my mood?,mood_check
Do I seem okay?,mood_check
How’s my mood?,mood_check
Am I stressed?,mood_check
Do you think I’m fine?,mood_check
Can you analyze my mood?,mood_check
Do I seem okay?,mood_check
How’s my mood?,mood_check
Am I stressed?,mood_check
Do you think I’m fine?,mood_check
Can you analyze my mood?,mood_check
Do I seem okay?,mood_check
How’s my mood?,mood_check
Am I stressed?,mood_check
Do you think I’m fine?,mood_check
Can you analyze my mood?,mood_check
Do I seem okay?,mood_check
How’s my mood?,mood_check
Am I stressed?,mood_check
Do you think I’m fine?,mood_check
Can you analyze my mood?,mood_check
Do I seem okay?,mood_check
How’s my mood?,mood_check
Am I stressed?,mood_check
Do you think I’m fine?,mood_check
Can you analyze my mood?,mood_check
Do I seem okay?,mood_check
How’s my mood?,mood_check
Am I stressed?,mood_check
Do you think I’m fine?,mood_check
Can you analyze my mood?,mood_check
Do I seem okay?,mood_check
How’s my mood?,mood_check
Am I stressed?,mood_check
Do you think I’m fine?,mood_check
Can you analyze my mood?,mood_check
Do I seem okay?,mood_check
How’s my mood?,mood_check
Am I stressed?,mood_check
Do you think I’m fine?,mood_check
Can you analyze my mood?,mood_check
Do I seem okay?,mood_check
How’s my mood?,mood_check
Am I stressed?,mood_check
Do you think I’m fine?,mood_check
Can you analyze my mood?,mood_check
Do I seem okay?,mood_check
I feel very stressed,stress_issue
I'm under a lot of pressure,stress_issue
Too much work is stressing me,stress_issue
I feel anxious at night,stress_issue
I can’t stop overthinking,stress_issue
I feel nervous before exams,stress_issue
I can’t focus on work,stress_issue
I have trouble concentrating,stress_issue
I feel like crying all the time,stress_issue
I feel very stressed,stress_issue
I'm under a lot of pressure,stress_issue
Too much work is stressing me,stress_issue
I feel anxious at night,stress_issue
I can’t stop overthinking,stress_issue
I feel nervous before exams,stress_issue
I can’t focus on work,stress_issue
I have trouble concentrating,stress_issue
I feel like crying all the time,stress_issue
I feel very stressed,stress_issue
I'm under a lot of pressure,stress_issue
Too much work is stressing me,stress_issue
I feel anxious at night,stress_issue
I can’t stop overthinking,stress_issue
I feel nervous before exams,stress_issue
I can’t focus on work,stress_issue
I have trouble concentrating,stress_issue
I feel like crying all the time,stress_issue
I feel very stressed,stress_issue
I'm under a lot of pressure,stress_issue
Too much work is stressing me,stress_issue
I feel anxious at night,stress_issue
I can’t stop overthinking,stress_issue
I feel nervous before exams,stress_issue
I can’t focus on work,stress_issue
I have trouble concentrating,stress_issue
I feel like crying all the time,stress_issue
I feel very stressed,stress_issue
I'm under a lot of pressure,stress_issue
Too much work is stressing me,stress_issue
I feel anxious at night,stress_issue
I can’t stop overthinking,stress_issue
I feel nervous before exams,stress_issue
I can’t focus on work,stress_issue
I have trouble concentrating,stress_issue
I feel like crying all the time,stress_issue
I feel very stressed,stress_issue
I'm under a lot of pressure,stress_issue
Too much work is stressing me,stress_issue
I feel anxious at night,stress_issue
I can’t stop overthinking,stress_issue
I feel nervous before exams,stress_issue
I can’t focus on work,stress_issue
I have trouble concentrating,stress_issue
I feel like crying all the time,stress_issue
I feel very stressed,stress_issue
I'm under a lot of pressure,stress_issue
Too much work is stressing me,stress_issue
I feel anxious at night,stress_issue
I can’t stop overthinking,stress_issue
I feel nervous before exams,stress_issue
I can’t focus on work,stress_issue
I have trouble concentrating,stress_issue
I feel like crying all the time,stress_issue
I feel very stressed,stress_issue
I'm under a lot of pressure,stress_issue
Too much work is stressing me,stress_issue
I feel anxious at night,stress_issue
I can’t stop overthinking,stress_issue
I feel nervous before exams,stress_issue
I can’t focus on work,stress_issue
I have trouble concentrating,stress_issue
I feel like crying all the time,stress_issue
I feel very stressed,stress_issue
I'm under a lot of pressure,stress_issue
Too much work is stressing me,stress_issue
I feel anxious at night,stress_issue
I can’t stop overthinking,stress_issue
I feel nervous before exams,stress_issue
I can’t focus on work,stress_issue
I have trouble concentrating,stress_issue
I feel like crying all the time,stress_issue
I feel very stressed,stress_issue
I'm under a lot of pressure,stress_issue
Too much work is stressing me,stress_issue
I feel anxious at night,stress_issue
I can’t stop overthinking,stress_issue
I feel nervous before exams,stress_issue
I can’t focus on work,stress_issue
I have trouble concentrating,stress_issue
I feel like crying all the time,stress_issue
I feel very stressed,stress_issue
I'm under a lot of pressure,stress_issue
Too much work is stressing me,stress_issue
I feel anxious at night,stress_issue
I can’t stop overthinking,stress_issue
I feel nervous before exams,stress_issue
I can’t focus on work,stress_issue
I have trouble concentrating,stress_issue
I feel like crying all the time,stress_issue
I feel very stressed,stress_issue
I'm under a lot of pressure,stress_issue
Too much work is stressing me,stress_issue
I feel anxious at night,stress_issue
I can’t stop overthinking,stress_issue
I feel nervous before exams,stress_issue
I can’t focus on work,stress_issue
I have trouble concentrating,stress_issue
I feel like crying all the time,stress_issue
I feel very stressed,stress_issue
I'm under a lot of pressure,stress_issue
Too much work is stressing me,stress_issue
I feel anxious at night,stress_issue
I can’t stop overthinking,stress_issue
I feel nervous before exams,stress_issue
I can’t focus on work,stress_issue
I have trouble concentrating,stress_issue
I feel like crying all the time,stress_issue
I feel very stressed,stress_issue
I'm under a lot of pressure,stress_issue
Too much work is stressing me,stress_issue
I feel anxious at night,stress_issue
I can’t stop overthinking,stress_issue
I feel nervous before exams,stress_issue
I can’t focus on work,stress_issue
I have trouble concentrating,stress_issue
I feel like crying all the time,stress_issue
I feel very stressed,stress_issue
I'm under a lot of pressure,stress_issue
Too much work is stressing me,stress_issue
I feel anxious at night,stress_issue
I can’t stop overthinking,stress_issue
I feel nervous before exams,stress_issue
I can’t focus on work,stress_issue
I have trouble concentrating,stress_issue
I feel like crying all the time,stress_issue
I feel very stressed,stress_issue
I'm under a lot of pressure,stress_issue
Too much work is stressing me,stress_issue
I feel anxious at night,stress_issue
I can’t stop overthinking,stress_issue
I feel nervous before exams,stress_issue
I can’t focus on work,stress_issue
I have trouble concentrating,stress_issue
I feel like crying all the time,stress_issue
I feel very stressed,stress_issue
I'm under a lot of pressure,stress_issue
Too much work is stressing me,stress_issue
I feel anxious at night,stress_issue
I can’t stop overthinking,stress_issue
I feel nervous before exams,stress_issue
I can’t focus on work,stress_issue
I have trouble concentrating,stress_issue
I feel like crying all the time,stress_issue
I feel very stressed,stress_issue
I'm under a lot of pressure,stress_issue
Too much work is stressing me,stress_issue
I feel anxious at night,stress_issue
I can’t stop overthinking,stress_issue
I feel nervous before exams,stress_issue
I can’t focus on work,stress_issue
I have trouble concentrating,stress_issue
I feel like crying all the time,stress_issue
I feel very stressed,stress_issue
I'm under a lot of pressure,stress_issue
Too much work is stressing me,stress_issue
I feel anxious at night,stress_issue
I can’t stop overthinking,stress_issue
I feel nervous before exams,stress_issue
I can’t focus on work,stress_issue
I have trouble concentrating,stress_issue
I feel like crying all the time,stress_issue
I feel very stressed,stress_issue
I'm under a lot of pressure,stress_issue
Too much work is stressing me,stress_issue
I feel anxious at night,stress_issue
I can’t stop overthinking,stress_issue
I feel nervous before exams,stress_issue
I can’t focus on work,stress_issue
I have trouble concentrating,stress_issue
I feel like crying all the time,stress_issue
I feel very sad,negative_mood
I'm feeling low today,negative_mood
I feel depressed,negative_mood
I'm not feeling good,negative_mood
I am feeling lonely,negative_mood
I feel empty inside,negative_mood
I have been sad for weeks,negative_mood
I think I might have depression,negative_mood
I feel very sad,negative_mood
I'm feeling low today,negative_mood
I feel depressed,negative_mood
I'm not feeling good,negative_mood
I am feeling lonely,negative_mood
I feel empty inside,negative_mood
I have been sad for weeks,negative_mood
I think I might have depression,negative_mood
I feel very sad,negative_mood
I'm feeling low today,negative_mood
I feel depressed,negative_mood
I'm not feeling good,negative_mood
I am feeling lonely,negative_mood
I feel empty inside,negative_mood
I have been sad for weeks,negative_mood
I think I might have depression,negative_mood
I feel very sad,negative_mood
I'm feeling low today,negative_mood
I feel depressed,negative_mood
I'm not feeling good,negative_mood
I am feeling lonely,negative_mood
I feel empty inside,negative_mood
I have been sad for weeks,negative_mood
I think I might have depression,negative_mood
I feel very sad,negative_mood
I'm feeling low today,negative_mood
I feel depressed,negative_mood
I'm not feeling good,negative_mood
I am feeling lonely,negative_mood
I feel empty inside,negative_mood
I have been sad for weeks,negative_mood
I think I might have depression,negative_mood
I feel very sad,negative_mood
I'm feeling low today,negative_mood
I feel depressed,negative_mood
I'm not feeling good,negative_mood
I am feeling lonely,negative_mood
I feel empty inside,negative_mood
I have been sad for weeks,negative_mood
I think I might have depression,negative_mood
I feel very sad,negative_mood
I'm feeling low today,negative_mood
I feel depressed,negative_mood
I'm not feeling good,negative_mood
I am feeling lonely,negative_mood
I feel empty inside,negative_mood
I have been sad for weeks,negative_mood
I think I might have depression,negative_mood
I feel very sad,negative_mood
I'm feeling low today,negative_mood
I feel depressed,negative_mood
I'm not feeling good,negative_mood
I am feeling lonely,negative_mood
I feel empty inside,negative_mood
I have been sad for weeks,negative_mood
I think I might have depression,negative_mood
I feel very sad,negative_mood
I'm feeling low today,negative_mood
I feel depressed,negative_mood
I'm not feeling good,negative_mood
I am feeling lonely,negative_mood
I feel empty inside,negative_mood
I have been sad for weeks,negative_mood
I think I might have depression,negative_mood
I feel very sad,negative_mood
I'm feeling low today,negative_mood
I feel depressed,negative_mood
I'm not feeling good,negative_mood
I am feeling lonely,negative_mood
I feel empty inside,negative_mood
I have been sad for weeks,negative_mood
I think I might have depression,negative_mood
I feel very sad,negative_mood
I'm feeling low today,negative_mood
I feel depressed,negative_mood
I'm not feeling good,negative_mood
I am feeling lonely,negative_mood
I feel empty inside,negative_mood
I have been sad for weeks,negative_mood
I think I might have depression,negative_mood
I feel very sad,negative_mood
I'm feeling low today,negative_mood
I feel depressed,negative_mood
I'm not feeling good,negative_mood
I am feeling lonely,negative_mood
I feel empty inside,negative_mood
I have been sad for weeks,negative_mood
I think I might have depression,negative_mood
I feel very sad,negative_mood
I'm feeling low today,negative_mood
I feel depressed,negative_mood
I'm not feeling good,negative_mood
I am feeling lonely,negative_mood
I feel empty inside,negative_mood
I have been sad for weeks,negative_mood
I think I might have depression,negative_mood
I feel very sad,negative_mood
I'm feeling low today,negative_mood
I feel depressed,negative_mood
I'm not feeling good,negative_mood
I am feeling lonely,negative_mood
I feel empty inside,negative_mood
I have been sad for weeks,negative_mood
I think I might have depression,negative_mood
I feel very sad,negative_mood
I'm feeling low today,negative_mood
I feel depressed,negative_mood
I'm not feeling good,negative_mood
I am feeling lonely,negative_mood
I feel empty inside,negative_mood
I have been sad for weeks,negative_mood
I think I might have depression,negative_mood
I feel very sad,negative_mood
I'm feeling low today,negative_mood
I feel depressed,negative_mood
I'm not feeling good,negative_mood
I am feeling lonely,negative_mood
I feel empty inside,negative_mood
I have been sad for weeks,negative_mood
I think I might have depression,negative_mood
I feel very sad,negative_mood
I'm feeling low today,negative_mood
I feel depressed,negative_mood
I'm not feeling good,negative_mood
I am feeling lonely,negative_mood
I feel empty inside,negative_mood
I have been sad for weeks,negative_mood
I think I might have depression,negative_mood
I feel very sad,negative_mood
I'm feeling low today,negative_mood
I feel depressed,negative_mood
I'm not feeling good,negative_mood
I am feeling lonely,negative_mood
I feel empty inside,negative_mood
I have been sad for weeks,negative_mood
I think I might have depression,negative_mood
I feel very sad,negative_mood
I'm feeling low today,negative_mood
I feel depressed,negative_mood
I'm not feeling good,negative_mood
I am feeling lonely,negative_mood
I feel empty inside,negative_mood
I have been sad for weeks,negative_mood
I think I might have depression,negative_mood
I feel very sad,negative_mood
I'm feeling low today,negative_mood
I feel depressed,negative_mood
I'm not feeling good,negative_mood
I am feeling lonely,negative_mood
I feel empty inside,negative_mood
I have been sad for weeks,negative_mood
I think I might have depression,negative_mood
I can’t sleep well,sleep_issue
My sleep schedule is messed up,sleep_issue
I’m not getting enough sleep,sleep_issue
I have insomnia,sleep_issue
I keep waking up at night,sleep_issue
I feel very sleepy during the day,sleep_issue
I can’t sleep well,sleep_issue
My sleep schedule is messed up,sleep_issue
I’m not getting enough sleep,sleep_issue
I have insomnia,sleep_issue
I keep waking up at night,sleep_issue
I feel very sleepy during the day,sleep_issue
I can’t sleep well,sleep_issue
My sleep schedule is messed up,sleep_issue
I’m not getting enough sleep,sleep_issue
I have insomnia,sleep_issue
I keep waking up at night,sleep_issue
I feel very sleepy during the day,sleep_issue
I can’t sleep well,sleep_issue
My sleep schedule is messed up,sleep_issue
I’m not getting enough sleep,sleep_issue
I have insomnia,sleep_issue
I keep waking up at night,sleep_issue
I feel very sleepy during the day,sleep_issue
I can’t sleep well,sleep_issue
My sleep schedule is messed up,sleep_issue
I’m not getting enough sleep,sleep_issue
I have insomnia,sleep_issue
I keep waking up at night,sleep_issue
I feel very sleepy during the day,sleep_issue
I can’t sleep well,sleep_issue
My sleep schedule is messed up,sleep_issue
I’m not getting enough sleep,sleep_issue
I have insomnia,sleep_issue
I keep waking up at night,sleep_issue
I feel very sleepy during the day,sleep_issue
I can’t sleep well,sleep_issue
My sleep schedule is messed up,sleep_issue
I’m not getting enough sleep,sleep_issue
I have insomnia,sleep_issue
I keep waking up at night,sleep_issue
I feel very sleepy during the day,sleep_issue
I can’t sleep well,sleep_issue
My sleep schedule is messed up,sleep_issue
I’m not getting enough sleep,sleep_issue
I have insomnia,sleep_issue
I keep waking up at night,sleep_issue
I feel very sleepy during the day,sleep_issue
I can’t sleep well,sleep_issue
My sleep schedule is messed up,sleep_issue
I’m not getting enough sleep,sleep_issue
I have insomnia,sleep_issue
I keep waking up at night,sleep_issue
I feel very sleepy during the day,sleep_issue
I can’t sleep well,sleep_issue
My sleep schedule is messed up,sleep_issue
I’m not getting enough sleep,sleep_issue
I have insomnia,sleep_issue
I keep waking up at night,sleep_issue
I feel very sleepy during the day,sleep_issue
I can’t sleep well,sleep_issue
My sleep schedule is messed up,sleep_issue
I’m not getting enough sleep,sleep_issue
I have insomnia,sleep_issue
I keep waking up at night,sleep_issue
I feel very sleepy during the day,sleep_issue
I can’t sleep well,sleep_issue
My sleep schedule is messed up,sleep_issue
I’m not getting enough sleep,sleep_issue
I have insomnia,sleep_issue
I keep waking up at night,sleep_issue
I feel very sleepy during the day,sleep_issue
I can’t sleep well,sleep_issue
My sleep schedule is messed up,sleep_issue
I’m not getting enough sleep,sleep_issue
I have insomnia,sleep_issue
I keep waking up at night,sleep_issue
I feel very sleepy during the day,sleep_issue
I can’t sleep well,sleep_issue
My sleep schedule is messed up,sleep_issue
I’m not getting enough sleep,sleep_issue
I have insomnia,sleep_issue
I keep waking up at night,sleep_issue
I feel very sleepy during the day,sleep_issue
I can’t sleep well,sleep_issue
My sleep schedule is messed up,sleep_issue
I’m not getting enough sleep,sleep_issue
I have insomnia,sleep_issue
I keep waking up at night,sleep_issue
I feel very sleepy during the day,sleep_issue
I can’t sleep well,sleep_issue
My sleep schedule is messed up,sleep_issue
I’m not getting enough sleep,sleep_issue
I have insomnia,sleep_issue
I keep waking up at night,sleep_issue
I feel very sleepy during the day,sleep_issue
I can’t sleep well,sleep_issue
My sleep schedule is messed up,sleep_issue
I’m not getting enough sleep,sleep_issue
I have insomnia,sleep_issue
I keep waking up at night,sleep_issue
I feel very sleepy during the day,sleep_issue
I can’t sleep well,sleep_issue
My sleep schedule is messed up,sleep_issue
I’m not getting enough sleep,sleep_issue
I have insomnia,sleep_issue
I keep waking up at night,sleep_issue
I feel very sleepy during the day,sleep_issue
I can’t sleep well,sleep_issue
My sleep schedule is messed up,sleep_issue
I’m not getting enough sleep,sleep_issue
I have insomnia,sleep_issue
I keep waking up at night,sleep_issue
I feel very sleepy during the day,sleep_issue
I can’t sleep well,sleep_issue
My sleep schedule is messed up,sleep_issue
I’m not getting enough sleep,sleep_issue
I have insomnia,sleep_issue
I keep waking up at night,sleep_issue
I feel very sleepy during the day,sleep_issue
What exercises should I do?,exercise_query
Suggest some fitness tips,exercise_query
How do I stay healthy?,exercise_query
Give me a workout plan,exercise_query
Best exercises for stress relief?,exercise_query
Suggest a yoga routine,exercise_query
Best exercises for beginners,exercise_query
Breathing exercises for stress,exercise_query
What exercises should I do?,exercise_query
Suggest some fitness tips,exercise_query
How do I stay healthy?,exercise_query
Give me a workout plan,exercise_query
Best exercises for stress relief?,exercise_query
Suggest a yoga routine,exercise_query
Best exercises for beginners,exercise_query
Breathing exercises for stress,exercise_query
What exercises should I do?,exercise_query
Suggest some fitness tips,exercise_query
How do I stay healthy?,exercise_query
Give me a workout plan,exercise_query
Best exercises for stress relief?,exercise_query
Suggest a yoga routine,exercise_query
Best exercises for beginners,exercise_query
Breathing exercises for stress,exercise_query
What exercises should I do?,exercise_query
Suggest some fitness tips,exercise_query
How do I stay healthy?,exercise_query
Give me a workout plan,exercise_query
Best exercises for stress relief?,exercise_query
Suggest a yoga routine,exercise_query
Best exercises for beginners,exercise_query
Breathing exercises for stress,exercise_query
What exercises should I do?,exercise_query
Suggest some fitness tips,exercise_query
How do I stay healthy?,exercise_query
Give me a workout plan,exercise_query
Best exercises for stress relief?,exercise_query
Suggest a yoga routine,exercise_query
Best exercises for beginners,exercise_query
Breathing exercises for stress,exercise_query
What exercises should I do?,exercise_query
Suggest some fitness tips,exercise_query
How do I stay healthy?,exercise_query
Give me a workout plan,exercise_query
Best exercises for stress relief?,exercise_query
Suggest a yoga routine,exercise_query
Best exercises for beginners,exercise_query
Breathing exercises for stress,exercise_query
What exercises should I do?,exercise_query
Suggest some fitness tips,exercise_query
How do I stay healthy?,exercise_query
Give me a workout plan,exercise_query
Best exercises for stress relief?,exercise_query
Suggest a yoga routine,exercise_query
Best exercises for beginners,exercise_query
Breathing exercises for stress,exercise_query
What exercises should I do?,exercise_query
Suggest some fitness tips,exercise_query
How do I stay healthy?,exercise_query
Give me a workout plan,exercise_query
Best exercises for stress relief?,exercise_query
Suggest a yoga routine,exercise_query
Best exercises for beginners,exercise_query
Breathing exercises for stress,exercise_query
What exercises should I do?,exercise_query
Suggest some fitness tips,exercise_query
How do I stay healthy?,exercise_query
Give me a workout plan,exercise_query
Best exercises for stress relief?,exercise_query
Suggest a yoga routine,exercise_query
Best exercises for beginners,exercise_query
Breathing exercises for stress,exercise_query
What exercises should I do?,exercise_query
Suggest some fitness tips,exercise_query
How do I stay healthy?,exercise_query
Give me a workout plan,exercise_query
Best exercises for stress relief?,exercise_query
Suggest a yoga routine,exercise_query
Best exercises for beginners,exercise_query
Breathing exercises for stress,exercise_query
What exercises should I do?,exercise_query
Suggest some fitness tips,exercise_query
How do I stay healthy?,exercise_query
Give me a workout plan,exercise_query
Best exercises for stress relief?,exercise_query
Suggest a yoga routine,exercise_query
Best exercises for beginners,exercise_query
Breathing exercises for stress,exercise_query
What exercises should I do?,exercise_query
Suggest some fitness tips,exercise_query
How do I stay healthy?,exercise_query
Give me a workout plan,exercise_query
Best exercises for stress relief?,exercise_query
Suggest a yoga routine,exercise_query
Best exercises for beginners,exercise_query
Breathing exercises for stress,exercise_query
What exercises should I do?,exercise_query
Suggest some fitness tips,exercise_query
How do I stay healthy?,exercise_query
Give me a workout plan,exercise_query
Best exercises for stress relief?,exercise_query
Suggest a yoga routine,exercise_query
Best exercises for beginners,exercise_query
Breathing exercises for stress,exercise_query
What exercises should I do?,exercise_query
Suggest some fitness tips,exercise_query
How do I stay healthy?,exercise_query
Give me a workout plan,exercise_query
Best exercises for stress relief?,exercise_query
Suggest a yoga routine,exercise_query
Best exercises for beginners,exercise_query
Breathing exercises for stress,exercise_query
What exercises should I do?,exercise_query
Suggest some fitness tips,exercise_query
How do I stay healthy?,exercise_query
Give me a workout plan,exercise_query
Best exercises for stress relief?,exercise_query
Suggest a yoga routine,exercise_query
Best exercises for beginners,exercise_query
Breathing exercises for stress,exercise_query
What exercises should I do?,exercise_query
Suggest some fitness tips,exercise_query
How do I stay healthy?,exercise_query
Give me a workout plan,exercise_query
Best exercises for stress relief?,exercise_query
Suggest a yoga routine,exercise_query
Best exercises for beginners,exercise_query
Breathing exercises for stress,exercise_query
What exercises should I do?,exercise_query
Suggest some fitness tips,exercise_query
How do I stay healthy?,exercise_query
Give me a workout plan,exercise_query
Best exercises for stress relief?,exercise_query
Suggest a yoga routine,exercise_query
Best exercises for beginners,exercise_query
Breathing exercises for stress,exercise_query
What exercises should I do?,exercise_query
Suggest some fitness tips,exercise_query
How do I stay healthy?,exercise_query
Give me a workout plan,exercise_query
Best exercises for stress relief?,exercise_query
Suggest a yoga routine,exercise_query
Best exercises for beginners,exercise_query
Breathing exercises for stress,exercise_query
What exercises should I do?,exercise_query
Suggest some fitness tips,exercise_query
How do I stay healthy?,exercise_query
Give me a workout plan,exercise_query
Best exercises for stress relief?,exercise_query
Suggest a yoga routine,exercise_query
Best exercises for beginners,exercise_query
Breathing exercises for stress,exercise_query
What exercises should I do?,exercise_query
Suggest some fitness tips,exercise_query
How do I stay healthy?,exercise_query
Give me a workout plan,exercise_query
Best exercises for stress relief?,exercise_query
Suggest a yoga routine,exercise_query
Best exercises for beginners,exercise_query
Breathing exercises for stress,exercise_query
Tell me a health tip,give_tip
Share some wellness advice,give_tip
Give me some healthy habits,give_tip
Suggest a diet tip,give_tip
How to stay fit?,give_tip
Daily routine for good health?,give_tip
Tips for better sleep,give_tip
How to manage anxiety,give_tip
How to boost immunity,give_tip
Healthy diet for weight loss,give_tip
Foods to eat for better sleep,give_tip
Foods that reduce stress,give_tip
How much water should I drink?,give_tip
Healthy morning routine?,give_tip
Benefits of meditation,give_tip
Best time for exercise,give_tip
How to avoid junk food,give_tip
Tell me a health tip,give_tip
Share some wellness advice,give_tip
Give me some healthy habits,give_tip
Suggest a diet tip,give_tip
How to stay fit?,give_tip
Daily routine for good health?,give_tip
Tips for better sleep,give_tip
How to manage anxiety,give_tip
How to boost immunity,give_tip
Healthy diet for weight loss,give_tip
Foods to eat for better sleep,give_tip
Foods that reduce stress,give_tip
How much water should I drink?,give_tip
Healthy morning routine?,give_tip
Benefits of meditation,give_tip
Best time for exercise,give_tip
How to avoid junk food,give_tip
Tell me a health tip,give_tip
Share some wellness advice,give_tip
Give me some healthy habits,give_tip
Suggest a diet tip,give_tip
How to stay fit?,give_tip
Daily routine for good health?,give_tip
Tips for better sleep,give_tip
How to manage anxiety,give_tip
How to boost immunity,give_tip
Healthy diet for weight loss,give_tip
Foods to eat for better sleep,give_tip
Foods that reduce stress,give_tip
How much water should I drink?,give_tip
Healthy morning routine?,give_tip
Benefits of meditation,give_tip
Best time for exercise,give_tip
How to avoid junk food,give_tip
Tell me a health tip,give_tip
Share some wellness advice,give_tip
Give me some healthy habits,give_tip
Suggest a diet tip,give_tip
How to stay fit?,give_tip
Daily routine for good health?,give_tip
Tips for better sleep,give_tip
How to manage anxiety,give_tip
How to boost immunity,give_tip
Healthy diet for weight loss,give_tip
Foods to eat for better sleep,give_tip
Foods that reduce stress,give_tip
How much water should I drink?,give_tip
Healthy morning routine?,give_tip
Benefits of meditation,give_tip
Best time for exercise,give_tip
How to avoid junk food,give_tip
Tell me a health tip,give_tip
Share some wellness advice,give_tip
Give me some healthy habits,give_tip
Suggest a diet tip,give_tip
How to stay fit?,give_tip
Daily routine for good health?,give_tip
Tips for better sleep,give_tip
How to manage anxiety,give_tip
How to boost immunity,give_tip
Healthy diet for weight loss,give_tip
Foods to eat for better sleep,give_tip
Foods that reduce stress,give_tip
How much water should I drink?,give_tip
Healthy morning routine?,give_tip
Benefits of meditation,give_tip
Best time for exercise,give_tip
How to avoid junk food,give_tip
Tell me a health tip,give_tip
Share some wellness advice,give_tip
Give me some healthy habits,give_tip
Suggest a diet tip,give_tip
How to stay fit?,give_tip
Daily routine for good health?,give_tip
Tips for better sleep,give_tip
How to manage anxiety,give_tip
How to boost immunity,give_tip
Healthy diet for weight loss,give_tip
Foods to eat for better sleep,give_tip
Foods that reduce stress,give_tip
How much water should I drink?,give_tip
Healthy morning routine?,give_tip
Benefits of meditation,give_tip
Best time for exercise,give_tip
How to avoid junk food,give_tip
Tell me a health tip,give_tip
Share some wellness advice,give_tip
Give me some healthy habits,give_tip
Suggest a diet tip,give_tip
How to stay fit?,give_tip
Daily routine for good health?,give_tip
Tips for better sleep,give_tip
How to manage anxiety,give_tip
How to boost immunity,give_tip
Healthy diet for weight loss,give_tip
Foods to eat for better sleep,give_tip
Foods that reduce stress,give_tip
How much water should I drink?,give_tip
Healthy morning routine?,give_tip
Benefits of meditation,give_tip
Best time for exercise,give_tip
How to avoid junk food,give_tip
Tell me a health tip,give_tip
Share some wellness advice,give_tip
Give me some healthy habits,give_tip
Suggest a diet tip,give_tip
How to stay fit?,give_tip
Daily routine for good health?,give_tip
Tips for better sleep,give_tip
How to manage anxiety,give_tip
How to boost immunity,give_tip
Healthy diet for weight loss,give_tip
Foods to eat for better sleep,give_tip
Foods that reduce stress,give_tip
How much water should I drink?,give_tip
Healthy morning routine?,give_tip
Benefits of meditation,give_tip
Best time for exercise,give_tip
How to avoid junk food,give_tip
Tell me a health tip,give_tip
Share some wellness advice,give_tip
Give me some healthy habits,give_tip
Suggest a diet tip,give_tip
How to stay fit?,give_tip
Daily routine for good health?,give_tip
Tips for better sleep,give_tip
How to manage anxiety,give_tip
How to boost immunity,give_tip
Healthy diet for weight loss,give_tip
Foods to eat for better sleep,give_tip
Foods that reduce stress,give_tip
How much water should I drink?,give_tip
Healthy morning routine?,give_tip
Benefits of meditation,give_tip
Best time for exercise,give_tip
How to avoid junk food,give_tip
Tell me a health tip,give_tip
Share some wellness advice,give_tip
Give me some healthy habits,give_tip
Suggest a diet tip,give_tip
How to stay fit?,give_tip
Daily routine for good health?,give_tip
Tips for better sleep,give_tip
How to manage anxiety,give_tip
How to boost immunity,give_tip
Healthy diet for weight loss,give_tip
Foods to eat for better sleep,give_tip
Foods that reduce stress,give_tip
How much water should I drink?,give_tip
Healthy morning routine?,give_tip
Benefits of meditation,give_tip
Best time for exercise,give_tip
How to avoid junk food,give_tip
Tell me a health tip,give_tip
Share some wellness advice,give_tip
Give me some healthy habits,give_tip
Suggest a diet tip,give_tip
How to stay fit?,give_tip
Daily routine for good health?,give_tip
Tips for better sleep,give_tip
How to manage anxiety,give_tip
How to boost immunity,give_tip
Healthy diet for weight loss,give_tip
Foods to eat for better sleep,give_tip
Foods that reduce stress,give_tip
How much water should I drink?,give_tip
Healthy morning routine?,give_tip
Benefits of meditation,give_tip
Best time for exercise,give_tip
How to avoid junk food,give_tip
Tell me a health tip,give_tip
Share some wellness advice,give_tip
Give me some healthy habits,give_tip
Suggest a diet tip,give_tip
How to stay fit?,give_tip
Daily routine for good health?,give_tip
Tips for better sleep,give_tip
How to manage anxiety,give_tip
How to boost immunity,give_tip
Healthy diet for weight loss,give_tip
Foods to eat for better sleep,give_tip
Foods that reduce stress,give_tip
How much water should I drink?,give_tip
Healthy morning routine?,give_tip
Benefits of meditation,give_tip
Best time for exercise,give_tip
How to avoid junk food,give_tip
Tell me a health tip,give_tip
Share some wellness advice,give_tip
Give me some healthy habits,give_tip
Suggest a diet tip,give_tip
How to stay fit?,give_tip
Daily routine for good health?,give_tip
Tips for better sleep,give_tip
How to manage anxiety,give_tip
How to boost immunity,give_tip
Healthy diet for weight loss,give_tip
Foods to eat for better sleep,give_tip
Foods that reduce stress,give_tip
How much water should I drink?,give_tip
Healthy morning routine?,give_tip
Benefits of meditation,give_tip
Best time for exercise,give_tip
How to avoid junk food,give_tip
Tell me a health tip,give_tip
Share some wellness advice,give_tip
Give me some healthy habits,give_tip
Suggest a diet tip,give_tip
How to stay fit?,give_tip
Daily routine for good health?,give_tip
Tips for better sleep,give_tip
How to manage anxiety,give_tip
How to boost immunity,give_tip
Healthy diet for weight loss,give_tip
Foods to eat for better sleep,give_tip
Foods that reduce stress,give_tip
How much water should I drink?,give_tip
Healthy morning routine?,give_tip
Benefits of meditation,give_tip
Best time for exercise,give_tip
How to avoid junk food,give_tip
Tell me a health tip,give_tip
Share some wellness advice,give_tip
Give me some healthy habits,give_tip
Suggest a diet tip,give_tip
How to stay fit?,give_tip
Daily routine for good health?,give_tip
Tips for better sleep,give_tip
How to manage anxiety,give_tip
How to boost immunity,give_tip
Healthy diet for weight loss,give_tip
Foods to eat for better sleep,give_tip
Foods that reduce stress,give_tip
How much water should I drink?,give_tip
Healthy morning routine?,give_tip
Benefits of meditation,give_tip
Best time for exercise,give_tip
How to avoid junk food,give_tip
Tell me a health tip,give_tip
Share some wellness advice,give_tip
Give me some healthy habits,give_tip
Suggest a diet tip,give_tip
How to stay fit?,give_tip
Daily routine for good health?,give_tip
Tips for better sleep,give_tip
How to manage anxiety,give_tip
How to boost immunity,give_tip
Healthy diet for weight loss,give_tip
Foods to eat for better sleep,give_tip
Foods that reduce stress,give_tip
How much water should I drink?,give_tip
Healthy morning routine?,give_tip
Benefits of meditation,give_tip
Best time for exercise,give_tip
How to avoid junk food,give_tip
Tell me a health tip,give_tip
Share some wellness advice,give_tip
Give me some healthy habits,give_tip
Suggest a diet tip,give_tip
How to stay fit?,give_tip
Daily routine for good health?,give_tip
Tips for better sleep,give_tip
How to manage anxiety,give_tip
How to boost immunity,give_tip
Healthy diet for weight loss,give_tip
Foods to eat for better sleep,give_tip
Foods that reduce stress,give_tip
How much water should I drink?,give_tip
Healthy morning routine?,give_tip
Benefits of meditation,give_tip
Best time for exercise,give_tip
How to avoid junk food,give_tip
Tell me a health tip,give_tip
Share some wellness advice,give_tip
Give me some healthy habits,give_tip
Suggest a diet tip,give_tip
How to stay fit?,give_tip
Daily routine for good health?,give_tip
Tips for better sleep,give_tip
How to manage anxiety,give_tip
How to boost immunity,give_tip
Healthy diet for weight loss,give_tip
Foods to eat for better sleep,give_tip
Foods that reduce stress,give_tip
How much water should I drink?,give_tip
Healthy morning routine?,give_tip
Benefits of meditation,give_tip
Best time for exercise,give_tip
How to avoid junk food,give_tip
Tell me a health tip,give_tip
Share some wellness advice,give_tip
Give me some healthy habits,give_tip
Suggest a diet tip,give_tip
How to stay fit?,give_tip
Daily routine for good health?,give_tip
Tips for better sleep,give_tip
How to manage anxiety,give_tip
How to boost immunity,give_tip
Healthy diet for weight loss,give_tip
Foods to eat for better sleep,give_tip
Foods that reduce stress,give_tip
How much water should I drink?,give_tip
Healthy morning routine?,give_tip
Benefits of meditation,give_tip
Best time for exercise,give_tip
How to avoid junk food,give_tip
Tell me a health tip,give_tip
Share some wellness advice,give_tip
Give me some healthy habits,give_tip
Suggest a diet tip,give_tip
How to stay fit?,give_tip
Daily routine for good health?,give_tip
Tips for better sleep,give_tip
How to manage anxiety,give_tip
How to boost immunity,give_tip
Healthy diet for weight loss,give_tip
Foods to eat for better sleep,give_tip
Foods that reduce stress,give_tip
How much water should I drink?,give_tip
Healthy morning routine?,give_tip
Benefits of meditation,give_tip
Best time for exercise,give_tip
How to avoid junk food,give_tip
I have a fever,ask_symptom
I feel dizzy,ask_symptom
My head hurts,ask_symptom
I feel pain in my stomach,ask_symptom
I have a cough,ask_symptom
I have chest pain,ask_symptom
I feel weak and tired,ask_symptom
I have a sore throat,ask_symptom
My back hurts,ask_symptom
I have joint pain,ask_symptom
I have stomach cramps,ask_symptom
I feel feverish and weak,ask_symptom
I have malaria,ask_symptom
I think I have diarrhea,ask_symptom
I feel nauseous,ask_symptom
I have food poisoning,ask_symptom
I have diabetes,ask_symptom
I have high blood pressure,ask_symptom
I feel headaches often,ask_symptom
I feel weakness after eating,ask_symptom
I have cold and cough,ask_symptom
I feel chills and fever,ask_symptom
I have vomiting,ask_symptom
I feel fatigue all day,ask_symptom
I have skin rashes,ask_symptom
I feel abdominal pain,ask_symptom
I have ear pain,ask_symptom
I have eye infection,ask_symptom
I feel muscle pain,ask_symptom
I feel body ache,ask_symptom
I have a fever,ask_symptom
I feel dizzy,ask_symptom
My head hurts,ask_symptom
I feel pain in my stomach,ask_symptom
I have a cough,ask_symptom
I have chest pain,ask_symptom
I feel weak and tired,ask_symptom
I have a sore throat,ask_symptom
My back hurts,ask_symptom
I have joint pain,ask_symptom
I have stomach cramps,ask_symptom
I feel feverish and weak,ask_symptom
I have malaria,ask_symptom
I think I have diarrhea,ask_symptom
I feel nauseous,ask_symptom
I have food poisoning,ask_symptom
I have diabetes,ask_symptom
I have high blood pressure,ask_symptom
I feel headaches often,ask_symptom
I feel weakness after eating,ask_symptom
I have cold and cough,ask_symptom
I feel chills and fever,ask_symptom
I have vomiting,ask_symptom
I feel fatigue all day,ask_symptom
I have skin rashes,ask_symptom
I feel abdominal pain,ask_symptom
I have ear pain,ask_symptom
I have eye infection,ask_symptom
I feel muscle pain,ask_symptom
I feel body ache,ask_symptom
I have a fever,ask_symptom
I feel dizzy,ask_symptom
My head hurts,ask_symptom
I feel pain in my stomach,ask_symptom
I have a cough,ask_symptom
I have chest pain,ask_symptom
I feel weak and tired,ask_symptom
I have a sore throat,ask_symptom
My back hurts,ask_symptom
I have joint pain,ask_symptom
I have stomach cramps,ask_symptom
I feel feverish and weak,ask_symptom
I have malaria,ask_symptom
I think I have diarrhea,ask_symptom
I feel nauseous,ask_symptom
I have food poisoning,ask_symptom
I have diabetes,ask_symptom
I have high blood pressure,ask_symptom
I feel headaches often,ask_symptom
I feel weakness after eating,ask_symptom
I have cold and cough,ask_symptom
I feel chills and fever,ask_symptom
I have vomiting,ask_symptom
I feel fatigue all day,ask_symptom
I have skin rashes,ask_symptom
I feel abdominal pain,ask_symptom
I have ear pain,ask_symptom
I have eye infection,ask_symptom
I feel muscle pain,ask_symptom
I feel body ache,ask_symptom
I have a fever,ask_symptom
I feel dizzy,ask_symptom
My head hurts,ask_symptom
I feel pain in my stomach,ask_symptom
I have a cough,ask_symptom
I have chest pain,ask_symptom
I feel weak and tired,ask_symptom
I have a sore throat,ask_symptom
My back hurts,ask_symptom
I have joint pain,ask_symptom
I have stomach cramps,ask_symptom
I feel feverish and weak,ask_symptom
I have malaria,ask_symptom
I think I have diarrhea,ask_symptom
I feel nauseous,ask_symptom
I have food poisoning,ask_symptom
I have diabetes,ask_symptom
I have high blood pressure,ask_symptom
I feel headaches often,ask_symptom
I feel weakness after eating,ask_symptom
I have cold and cough,ask_symptom
I feel chills and fever,ask_symptom
I have vomiting,ask_symptom
I feel fatigue all day,ask_symptom
I have skin rashes,ask_symptom
I feel abdominal pain,ask_symptom
I have ear pain,ask_symptom
I have eye infection,ask_symptom
I feel muscle pain,ask_symptom
I feel body ache,ask_symptom
I have a fever,ask_symptom
I feel dizzy,ask_symptom
My head hurts,ask_symptom
I feel pain in my stomach,ask_symptom
I have a cough,ask_symptom
I have chest pain,ask_symptom
I feel weak and tired,ask_symptom
I have a sore throat,ask_symptom
My back hurts,ask_symptom
I have joint pain,ask_symptom
I have stomach cramps,ask_symptom
I feel feverish and weak,ask_symptom
I have malaria,ask_symptom
I think I have diarrhea,ask_symptom
I feel nauseous,ask_symptom
I have food poisoning,ask_symptom
I have diabetes,ask_symptom
I have high blood pressure,ask_symptom
I feel headaches often,ask_symptom
I feel weakness after eating,ask_symptom
I have cold and cough,ask_symptom
I feel chills and fever,ask_symptom
I have vomiting,ask_symptom
I feel fatigue all day,ask_symptom
I have skin rashes,ask_symptom
I feel abdominal pain,ask_symptom
I have ear pain,ask_symptom
I have eye infection,ask_symptom
I feel muscle pain,ask_symptom
I feel body ache,ask_symptom
I have a fever,ask_symptom
I feel dizzy,ask_symptom
My head hurts,ask_symptom
I feel pain in my stomach,ask_symptom
I have a cough,ask_symptom
I have chest pain,ask_symptom
I feel weak and tired,ask_symptom
I have a sore throat,ask_symptom
My back hurts,ask_symptom
I have joint pain,ask_symptom
I have stomach cramps,ask_symptom
I feel feverish and weak,ask_symptom
I have malaria,ask_symptom
I think I have diarrhea,ask_symptom
I feel nauseous,ask_symptom
I have food poisoning,ask_symptom
I have diabetes,ask_symptom
I have high blood pressure,ask_symptom
I feel headaches often,ask_symptom
I feel weakness after eating,ask_symptom
I have cold and cough,ask_symptom
I feel chills and fever,ask_symptom
I have vomiting,ask_symptom
I feel fatigue all day,ask_symptom
I have skin rashes,ask_symptom
I feel abdominal pain,ask_symptom
I have ear pain,ask_symptom
I have eye infection,ask_symptom
I feel muscle pain,ask_symptom
I feel body ache,ask_symptom
I have a fever,ask_symptom
I feel dizzy,ask_symptom
My head hurts,ask_symptom
I feel pain in my stomach,ask_symptom
I have a cough,ask_symptom
I have chest pain,ask_symptom
I feel weak and tired,ask_symptom
I have a sore throat,ask_symptom
My back hurts,ask_symptom
I have joint pain,ask_symptom
I have stomach cramps,ask_symptom
I feel feverish and weak,ask_symptom
I have malaria,ask_symptom
I think I have diarrhea,ask_symptom
I feel nauseous,ask_symptom
I have food poisoning,ask_symptom
I have diabetes,ask_symptom
I have high blood pressure,ask_symptom
I feel headaches often,ask_symptom
I feel weakness after eating,ask_symptom
I have cold and cough,ask_symptom
I feel chills and fever,ask_symptom
I have vomiting,ask_symptom
I feel fatigue all day,ask_symptom
I have skin rashes,ask_symptom
I feel abdominal pain,ask_symptom
I have ear pain,ask_symptom
I have eye infection,ask_symptom
I feel muscle pain,ask_symptom
I feel body ache,ask_symptom
I have a fever,ask_symptom
I feel dizzy,ask_symptom
My head hurts,ask_symptom
I feel pain in my stomach,ask_symptom
I have a cough,ask_symptom
I have chest pain,ask_symptom
I feel weak and tired,ask_symptom
I have a sore throat,ask_symptom
My back hurts,ask_symptom
I have joint pain,ask_symptom
I have stomach cramps,ask_symptom
I feel feverish and weak,ask_symptom
I have malaria,ask_symptom
I think I have diarrhea,ask_symptom
I feel nauseous,ask_symptom
I have food poisoning,ask_symptom
I have diabetes,ask_symptom
I have high blood pressure,ask_symptom
I feel headaches often,ask_symptom
I feel weakness after eating,ask_symptom
I have cold and cough,ask_symptom
I feel chills and fever,ask_symptom
I have vomiting,ask_symptom
I feel fatigue all day,ask_symptom
I have skin rashes,ask_symptom
I feel abdominal pain,ask_symptom
I have ear pain,ask_symptom
I have eye infection,ask_symptom
I feel muscle pain,ask_symptom
I feel body ache,ask_symptom
I have a fever,ask_symptom
I feel dizzy,ask_symptom
My head hurts,ask_symptom
I feel pain in my stomach,ask_symptom
I have a cough,ask_symptom
I have chest pain,ask_symptom
I feel weak and tired,ask_symptom
I have a sore throat,ask_symptom
My back hurts,ask_symptom
I have joint pain,ask_symptom
I have stomach cramps,ask_symptom
I feel feverish and weak,ask_symptom
I have malaria,ask_symptom
I think I have diarrhea,ask_symptom
I feel nauseous,ask_symptom
I have food poisoning,ask_symptom
I have diabetes,ask_symptom
I have high blood pressure,ask_symptom
I feel headaches often,ask_symptom
I feel weakness after eating,ask_symptom
I have cold and cough,ask_symptom
I feel chills and fever,ask_symptom
I have vomiting,ask_symptom
I feel fatigue all day,ask_symptom
I have skin rashes,ask_symptom
I feel abdominal pain,ask_symptom
I have ear pain,ask_symptom
I have eye infection,ask_symptom
I feel muscle pain,ask_symptom
I feel body ache,ask_symptom
I have a fever,ask_symptom
I feel dizzy,ask_symptom
My head hurts,ask_symptom
I feel pain in my stomach,ask_symptom
I have a cough,ask_symptom
I have chest pain,ask_symptom
I feel weak and tired,ask_symptom
I have a sore throat,ask_symptom
My back hurts,ask_symptom
I have joint pain,ask_symptom
I have stomach cramps,ask_symptom
I feel feverish and weak,ask_symptom
I have malaria,ask_symptom
I think I have diarrhea,ask_symptom
I feel nauseous,ask_symptom
I have food poisoning,ask_symptom
I have diabetes,ask_symptom
I have high blood pressure,ask_symptom
I feel headaches often,ask_symptom
I feel weakness after eating,ask_symptom
I have cold and cough,ask_symptom
I feel chills and fever,ask_symptom
I have vomiting,ask_symptom
I feel fatigue all day,ask_symptom
I have skin rashes,ask_symptom
I feel abdominal pain,ask_symptom
I have ear pain,ask_symptom
I have eye infection,ask_symptom
I feel muscle pain,ask_symptom
I feel body ache,ask_symptom
I have a fever,ask_symptom
I feel dizzy,ask_symptom
My head hurts,ask_symptom
I feel pain in my stomach,ask_symptom
I have a cough,ask_symptom
I have chest pain,ask_symptom
I feel weak and tired,ask_symptom
I have a sore throat,ask_symptom
My back hurts,ask_symptom
I have joint pain,ask_symptom
I have stomach cramps,ask_symptom
I feel feverish and weak,ask_symptom
I have malaria,ask_symptom
I think I have diarrhea,ask_symptom
I feel nauseous,ask_symptom
I have food poisoning,ask_symptom
I have diabetes,ask_symptom
I have high blood pressure,ask_symptom
I feel headaches often,ask_symptom
I feel weakness after eating,ask_symptom
I have cold and cough,ask_symptom
I feel chills and fever,ask_symptom
I have vomiting,ask_symptom
I feel fatigue all day,ask_symptom
I have skin rashes,ask_symptom
I feel abdominal pain,ask_symptom
I have ear pain,ask_symptom
I have eye infection,ask_symptom
I feel muscle pain,ask_symptom
I feel body ache,ask_symptom
I have a fever,ask_symptom
I feel dizzy,ask_symptom
My head hurts,ask_symptom
I feel pain in my stomach,ask_symptom
I have a cough,ask_symptom
I have chest pain,ask_symptom
I feel weak and tired,ask_symptom
I have a sore throat,ask_symptom
My back hurts,ask_symptom
I have joint pain,ask_symptom
I have stomach cramps,ask_symptom
I feel feverish and weak,ask_symptom
I have malaria,ask_symptom
I think I have diarrhea,ask_symptom
I feel nauseous,ask_symptom
I have food poisoning,ask_symptom
I have diabetes,ask_symptom
I have high blood pressure,ask_symptom
I feel headaches often,ask_symptom
I feel weakness after eating,ask_symptom
I have cold and cough,ask_symptom
I feel chills and fever,ask_symptom
I have vomiting,ask_symptom
I feel fatigue all day,ask_symptom
I have skin rashes,ask_symptom
I feel abdominal pain,ask_symptom
I have ear pain,ask_symptom
I have eye infection,ask_symptom
I feel muscle pain,ask_symptom
I feel body ache,ask_symptom
I have a fever,ask_symptom
I feel dizzy,ask_symptom
My head hurts,ask_symptom
I feel pain in my stomach,ask_symptom
I have a cough,ask_symptom
I have chest pain,ask_symptom
I feel weak and tired,ask_symptom
I have a sore throat,ask_symptom
My back hurts,ask_symptom
I have joint pain,ask_symptom
I have stomach cramps,ask_symptom
I feel feverish and weak,ask_symptom
I have malaria,ask_symptom
I think I have diarrhea,ask_symptom
I feel nauseous,ask_symptom
I have food poisoning,ask_symptom
I have diabetes,ask_symptom
I have high blood pressure,ask_symptom
I feel headaches often,ask_symptom
I feel weakness after eating,ask_symptom
I have cold and cough,ask_symptom
I feel chills and fever,ask_symptom
I have vomiting,ask_symptom
I feel fatigue all day,ask_symptom
I have skin rashes,ask_symptom
I feel abdominal pain,ask_symptom
I have ear pain,ask_symptom
I have eye infection,ask_symptom
I feel muscle pain,ask_symptom
I feel body ache,ask_symptom
I have a fever,ask_symptom
I feel dizzy,ask_symptom
My head hurts,ask_symptom
I feel pain in my stomach,ask_symptom
I have a cough,ask_symptom
I have chest pain,ask_symptom
I feel weak and tired,ask_symptom
I have a sore throat,ask_symptom
My back hurts,ask_symptom
I have joint pain,ask_symptom
I have stomach cramps,ask_symptom
I feel feverish and weak,ask_symptom
I have malaria,ask_symptom
I think I have diarrhea,ask_symptom
I feel nauseous,ask_symptom
I have food poisoning,ask_symptom
I have diabetes,ask_symptom
I have high blood pressure,ask_symptom
I feel headaches often,ask_symptom
I feel weakness after eating,ask_symptom
I have cold and cough,ask_symptom
I feel chills and fever,ask_symptom
I have vomiting,ask_symptom
I feel fatigue all day,ask_symptom
I have skin rashes,ask_symptom
I feel abdominal pain,ask_symptom
I have ear pain,ask_symptom
I have eye infection,ask_symptom
I feel muscle pain,ask_symptom
I feel body ache,ask_symptom
I have a fever,ask_symptom
I feel dizzy,ask_symptom
My head hurts,ask_symptom
I feel pain in my stomach,ask_symptom
I have a cough,ask_symptom
I have chest pain,ask_symptom
I feel weak and tired,ask_symptom
I have a sore throat,ask_symptom
My back hurts,ask_symptom
I have joint pain,ask_symptom
I have stomach cramps,ask_symptom
I feel feverish and weak,ask_symptom
I have malaria,ask_symptom
I think I have diarrhea,ask_symptom
I feel nauseous,ask_symptom
I have food poisoning,ask_symptom
I have diabetes,ask_symptom
I have high blood pressure,ask_symptom
I feel headaches often,ask_symptom
I feel weakness after eating,ask_symptom
I have cold and cough,ask_symptom
I feel chills and fever,ask_symptom
I have vomiting,ask_symptom
I feel fatigue all day,ask_symptom
I have skin rashes,ask_symptom
I feel abdominal pain,ask_symptom
I have ear pain,ask_symptom
I have eye infection,ask_symptom
I feel muscle pain,ask_symptom
I feel body ache,ask_symptom
I have a fever,ask_symptom
I feel dizzy,ask_symptom
My head hurts,ask_symptom
I feel pain in my stomach,ask_symptom
I have a cough,ask_symptom
I have chest pain,ask_symptom
I feel weak and tired,ask_symptom
I have a sore throat,ask_symptom
My back hurts,ask_symptom
I have joint pain,ask_symptom
I have stomach cramps,ask_symptom
I feel feverish and weak,ask_symptom
I have malaria,ask_symptom
I think I have diarrhea,ask_symptom
I feel nauseous,ask_symptom
I have food poisoning,ask_symptom
I have diabetes,ask_symptom
I have high blood pressure,ask_symptom
I feel headaches often,ask_symptom
I feel weakness after eating,ask_symptom
I have cold and cough,ask_symptom
I feel chills and fever,ask_symptom
I have vomiting,ask_symptom
I feel fatigue all day,ask_symptom
I have skin rashes,ask_symptom
I feel abdominal pain,ask_symptom
I have ear pain,ask_symptom
I have eye infection,ask_symptom
I feel muscle pain,ask_symptom
I feel body ache,ask_symptom
I have a fever,ask_symptom
I feel dizzy,ask_symptom
My head hurts,ask_symptom
I feel pain in my stomach,ask_symptom
I have a cough,ask_symptom
I have chest pain,ask_symptom
I feel weak and tired,ask_symptom
I have a sore throat,ask_symptom
My back hurts,ask_symptom
I have joint pain,ask_symptom
I have stomach cramps,ask_symptom
I feel feverish and weak,ask_symptom
I have malaria,ask_symptom
I think I have diarrhea,ask_symptom
I feel nauseous,ask_symptom
I have food poisoning,ask_symptom
I have diabetes,ask_symptom
I have high blood pressure,ask_symptom
I feel headaches often,ask_symptom
I feel weakness after eating,ask_symptom
I have cold and cough,ask_symptom
I feel chills and fever,ask_symptom
I have vomiting,ask_symptom
I feel fatigue all day,ask_symptom
I have skin rashes,ask_symptom
I feel abdominal pain,ask_symptom
I have ear pain,ask_symptom
I have eye infection,ask_symptom
I feel muscle pain,ask_symptom
I feel body ache,ask_symptom
I have a fever,ask_symptom
I feel dizzy,ask_symptom
My head hurts,ask_symptom
I feel pain in my stomach,ask_symptom
I have a cough,ask_symptom
I have chest pain,ask_symptom
I feel weak and tired,ask_symptom
I have a sore throat,ask_symptom
My back hurts,ask_symptom
I have joint pain,ask_symptom
I have stomach cramps,ask_symptom
I feel feverish and weak,ask_symptom
I have malaria,ask_symptom
I think I have diarrhea,ask_symptom
I feel nauseous,ask_symptom
I have food poisoning,ask_symptom
I have diabetes,ask_symptom
I have high blood pressure,ask_symptom
I feel headaches often,ask_symptom
I feel weakness after eating,ask_symptom
I have cold and cough,ask_symptom
I feel chills and fever,ask_symptom
I have vomiting,ask_symptom
I feel fatigue all day,ask_symptom
I have skin rashes,ask_symptom
I feel abdominal pain,ask_symptom
I have ear pain,ask_symptom
I have eye infection,ask_symptom
I feel muscle pain,ask_symptom
I feel body ache,ask_symptom
I have a fever,ask_symptom
I feel dizzy,ask_symptom
My head hurts,ask_symptom
I feel pain in my stomach,ask_symptom
I have a cough,ask_symptom
I have chest pain,ask_symptom
I feel weak and tired,ask_symptom
I have a sore throat,ask_symptom
My back hurts,ask_symptom
I have joint pain,ask_symptom
I have stomach cramps,ask_symptom
I feel feverish and weak,ask_symptom
I have malaria,ask_symptom
I think I have diarrhea,ask_symptom
I feel nauseous,ask_symptom
I have food poisoning,ask_symptom
I have diabetes,ask_symptom
I have high blood pressure,ask_symptom
I feel headaches often,ask_symptom
I feel weakness after eating,ask_symptom
I have cold and cough,ask_symptom
I feel chills and fever,ask_symptom
I have vomiting,ask_symptom
I feel fatigue all day,ask_symptom
I have skin rashes,ask_symptom
I feel abdominal pain,ask_symptom
I have ear pain,ask_symptom
I have eye infection,ask_symptom
I feel muscle pain,ask_symptom
I feel body ache,ask_symptom
I have a fever,ask_symptom
I feel dizzy,ask_symptom
My head hurts,ask_symptom
I feel pain in my stomach,ask_symptom
I have a cough,ask_symptom
I have chest pain,ask_symptom
I feel weak and tired,ask_symptom
I have a sore throat,ask_symptom
My back hurts,ask_symptom
I have joint pain,ask_symptom
I have stomach cramps,ask_symptom
I feel feverish and weak,ask_symptom
I have malaria,ask_symptom
I think I have diarrhea,ask_symptom
I feel nauseous,ask_symptom
I have food poisoning,ask_symptom
I have diabetes,ask_symptom
I have high blood pressure,ask_symptom
I feel headaches often,ask_symptom
I feel weakness after eating,ask_symptom
I have cold and cough,ask_symptom
I feel chills and fever,ask_symptom
I have vomiting,ask_symptom
I feel fatigue all day,ask_symptom
I have skin rashes,ask_symptom
I feel abdominal pain,ask_symptom
I have ear pain,ask_symptom
I have eye infection,ask_symptom
I feel muscle pain,ask_symptom
I feel body ache,ask_symptom
